Configuration,Term,J,Prefix,Level (cm-1),Suffix,Uncertainty (cm-1),Lande,Leading percentages,Reference
"=""3p6.3d7.4s2"",""=""""a 4F"""""",""=""""9/2"""""",""="""""""""",""=""""0.00"""""",""="""""""""",""=""""0"""""",""=""""1.33289"""""",""=""""                                                      """""",""=""""L7185"""""""
"=""3p6.3d7.4s2"",""=""""a 4F"""""",""=""""7/2"""""",""="""""""""",""=""""816.00"""""",""="""""""""",""="""""""""",""=""""1.23778"""""",""=""""                                                      """""",""="""""""""""
"=""3p6.3d7.4s2"",""=""""a 4F"""""",""=""""5/2"""""",""="""""""""",""=""""1406.84"""""",""="""""""""",""="""""""""",""=""""1.02826"""""",""=""""                                                      """""",""="""""""""""
"=""3p6.3d7.4s2"",""=""""a 4F"""""",""=""""3/2"""""",""="""""""""",""=""""1809.33"""""",""="""""""""",""="""""""""",""=""""0.39940"""""",""=""""                                                      """""",""="""""""""""
"=""3p6.3d8.(3F).4s"",""=""""b 4F"""""",""=""""9/2"""""",""="""""""""",""=""""3482.82"""""",""="""""""""",""="""""""""",""=""""1.33343"""""",""="""" 100                                                  """""",""="""""""""""
"=""3p6.3d8.(3F).4s"",""=""""b 4F"""""",""=""""7/2"""""",""="""""""""",""=""""4142.66"""""",""="""""""""",""="""""""""",""=""""1.23661"""""",""=""""  98                                                  """""",""="""""""""""
"=""3p6.3d8.(3F).4s"",""=""""b 4F"""""",""=""""5/2"""""",""="""""""""",""=""""4690.18"""""",""="""""""""",""="""""""""",""=""""1.02709"""""",""="""" 100                                                  """""",""="""""""""""
"=""3p6.3d8.(3F).4s"",""=""""b 4F"""""",""=""""3/2"""""",""="""""""""",""=""""5075.83"""""",""="""""""""",""="""""""""",""=""""0.404"""""",""="""" 100                                                  """""",""="""""""""""
"=""3p6.3d8.(3F).4s"",""=""""a 2F"""""",""=""""7/2"""""",""="""""""""",""=""""7442.41"""""",""="""""""""",""="""""""""",""=""""1.147"""""",""=""""  98                                                  """""",""="""""""""""
"=""3p6.3d8.(3F).4s"",""=""""a 2F"""""",""=""""5/2"""""",""="""""""""",""=""""8460.81"""""",""="""""""""",""="""""""""",""=""""0.862"""""",""="""" 100                                                  """""",""="""""""""""
"=""3p6.3d7.4s2"",""=""""a 4P"""""",""=""""5/2"""""",""="""""""""",""=""""13795.52"""""",""="""""""""",""="""""""""",""=""""1.604"""""",""=""""                                                      """""",""="""""""""""
"=""3p6.3d7.4s2"",""=""""a 4P"""""",""=""""3/2"""""",""="""""""""",""=""""14036.28"""""",""="""""""""",""="""""""""",""=""""1.722"""""",""=""""                                                      """""",""="""""""""""
"=""3p6.3d7.4s2"",""=""""a 4P"""""",""=""""1/2"""""",""="""""""""",""=""""14399.28"""""",""="""""""""",""="""""""""",""=""""2.651"""""",""=""""                                                      """""",""="""""""""""
"=""3p6.3d8.(3P).4s"",""=""""b 4P"""""",""=""""5/2"""""",""="""""""""",""=""""15184.04"""""",""="""""""""",""="""""""""",""=""""1.515"""""",""=""""  84             :    16  3d8.(1D).4s            2D   """""",""="""""""""""
"=""3p6.3d8.(3P).4s"",""=""""b 4P"""""",""=""""3/2"""""",""="""""""""",""=""""15774.04"""""",""="""""""""",""="""""""""",""=""""1.476"""""",""=""""  98                                                  """""",""="""""""""""
"=""3p6.3d8.(3P).4s"",""=""""b 4P"""""",""=""""1/2"""""",""="""""""""",""=""""16195.68"""""",""="""""""""",""="""""""""",""=""""2.682"""""",""="""" 100                                                  """""",""="""""""""""
"=""3p6.3d7.4s2"",""=""""a 2G"""""",""=""""9/2"""""",""="""""""""",""=""""16467.90"""""",""="""""""""",""="""""""""",""=""""1.109"""""",""=""""                                                      """""",""="""""""""""
"=""3p6.3d7.4s2"",""=""""a 2G"""""",""=""""7/2"""""",""="""""""""",""=""""17233.68"""""",""="""""""""",""="""""""""",""=""""0.883"""""",""=""""                                                      """""",""="""""""""""
"=""3p6.3d8.(1D).4s"",""=""""a 2D"""""",""=""""3/2"""""",""="""""""""",""=""""16470.60"""""",""="""""""""",""="""""""""",""=""""1.101"""""",""=""""  96                                                  """""",""="""""""""""
"=""3p6.3d8.(1D).4s"",""=""""a 2D"""""",""=""""5/2"""""",""="""""""""",""=""""16778.16"""""",""="""""""""",""="""""""""",""=""""1.296"""""",""=""""  83             :    16  3d8.(3P).4s            4P   """""",""="""""""""""
"=""3p6.3d8.(3P).4s"",""=""""a 2P"""""",""=""""3/2"""""",""="""""""""",""=""""18389.57"""""",""="""""""""",""="""""""""",""=""""1.300"""""",""=""""  98                                                  """""",""="""""""""""
"=""3p6.3d8.(3P).4s"",""=""""a 2P"""""",""=""""1/2"""""",""="""""""""",""=""""18775.01"""""",""="""""""""",""="""""""""",""=""""0.695"""""",""="""" 100                                                  """""",""="""""""""""
"=""3p6.3d7.4s2"",""=""""b 2P"""""",""=""""3/2"""""",""="""""""""",""=""""20500.71"""""",""="""""""""",""="""""""""",""=""""1.284"""""",""=""""                                                      """""",""="""""""""""
"=""3p6.3d7.4s2"",""=""""b 2P"""""",""=""""1/2"""""",""="""""""""",""=""""21215.90"""""",""="""""""""",""="""""""""",""=""""0.680"""""",""=""""                                                      """""",""="""""""""""
"=""3p6.3d7.4s2"",""=""""a 2H"""""",""=""""11/2"""""",""="""""""""",""=""""21780.47"""""",""="""""""""",""="""""""""",""=""""1.100"""""",""=""""                                                      """""",""="""""""""""
"=""3p6.3d7.4s2"",""=""""a 2H"""""",""=""""9/2"""""",""="""""""""",""=""""22475.36"""""",""="""""""""",""="""""""""",""=""""0.921"""""",""=""""                                                      """""",""="""""""""""
"=""3p6.3d7.4s2"",""=""""b 2D"""""",""=""""5/2"""""",""="""""""""",""=""""21920.09"""""",""="""""""""",""="""""""""",""=""""1.180"""""",""=""""                                                      """""",""="""""""""""
"=""3p6.3d7.4s2"",""=""""b 2D"""""",""=""""3/2"""""",""="""""""""",""=""""23152.57"""""",""="""""""""",""="""""""""",""=""""0.955"""""",""=""""                                                      """""",""="""""""""""
"=""3p6.3d8.(1G).4s"",""=""""b 2G"""""",""=""""9/2"""""",""="""""""""",""=""""23184.23"""""",""="""""""""",""="""""""""",""=""""1.098"""""",""="""" 100                                                  """""",""="""""""""""
"=""3p6.3d8.(1G).4s"",""=""""b 2G"""""",""=""""7/2"""""",""="""""""""",""=""""23207.76"""""",""="""""""""",""="""""""""",""=""""0.883"""""",""="""" 100                                                  """""",""="""""""""""
"=""3p6.3d7.(4F).4s.4p.(3P*)"",""=""""z 6F*"""""",""=""""11/2"""""",""="""""""""",""=""""23611.78"""""",""="""""""""",""="""""""""",""=""""1.466"""""",""=""""  97                                                  """""",""="""""""""""
"=""3p6.3d7.(4F).4s.4p.(3P*)"",""=""""z 6F*"""""",""=""""9/2"""""",""="""""""""",""=""""23855.62"""""",""="""""""""",""="""""""""",""=""""1.481"""""",""=""""  78             :    18  3d7.(4F).4s.4p.(3P*)   6D*  """""",""="""""""""""
"=""3p6.3d7.(4F).4s.4p.(3P*)"",""=""""z 6F*"""""",""=""""7/2"""""",""="""""""""",""=""""24326.11"""""",""="""""""""",""="""""""""",""=""""1.436"""""",""=""""  84             :    12  3d7.(4F).4s.4p.(3P*)   6D*  """""",""="""""""""""
"=""3p6.3d7.(4F).4s.4p.(3P*)"",""=""""z 6F*"""""",""=""""5/2"""""",""="""""""""",""=""""24733.28"""""",""="""""""""",""="""""""""",""=""""1.336"""""",""=""""  90             :     7  3d7.(4F).4s.4p.(3P*)   6D*  """""",""="""""""""""
"=""3p6.3d7.(4F).4s.4p.(3P*)"",""=""""z 6F*"""""",""=""""3/2"""""",""="""""""""",""=""""25041.16"""""",""="""""""""",""="""""""""",""=""""1.118"""""",""=""""  95                                                  """""",""="""""""""""
"=""3p6.3d7.(4F).4s.4p.(3P*)"",""=""""z 6F*"""""",""=""""1/2"""""",""="""""""""",""=""""25232.79"""""",""="""""""""",""="""""""""",""=""""-0.622"""""",""=""""  99                                                  """""",""="""""""""""
"=""3p6.3d7.(4F).4s.4p.(3P*)"",""=""""z 6D*"""""",""=""""9/2"""""",""="""""""""",""=""""24627.79"""""",""="""""""""",""="""""""""",""=""""1.569"""""",""=""""  78             :    17  3d7.(4F).4s.4p.(3P*)   6F*  """""",""="""""""""""
"=""3p6.3d7.(4F).4s.4p.(3P*)"",""=""""z 6D*"""""",""=""""7/2"""""",""="""""""""",""=""""25269.25"""""",""="""""""""",""="""""""""",""=""""1.550"""""",""=""""  83             :    11  3d7.(4F).4s.4p.(3P*)   6F*  """""",""="""""""""""
"=""3p6.3d7.(4F).4s.4p.(3P*)"",""=""""z 6D*"""""",""=""""5/2"""""",""="""""""""",""=""""25739.93"""""",""="""""""""",""="""""""""",""=""""1.612"""""",""=""""  87             :     6  3d7.(4F).4s.4p.(3P*)   6F*  """""",""="""""""""""
"=""3p6.3d7.(4F).4s.4p.(3P*)"",""=""""z 6D*"""""",""=""""3/2"""""",""="""""""""",""=""""26063.11"""""",""="""""""""",""="""""""""",""=""""1.812"""""",""=""""  91                                                  """""",""="""""""""""
"=""3p6.3d7.(4F).4s.4p.(3P*)"",""=""""z 6D*"""""",""=""""1/2"""""",""="""""""""",""=""""26250.49"""""",""="""""""""",""="""""""""",""=""""3.286"""""",""=""""  94                                                  """""",""="""""""""""
"=""3p6.3d7.(4F).4s.4p.(3P*)"",""=""""z 6G*"""""",""=""""13/2"""""",""="""""""""",""=""""25138.88"""""",""="""""""""",""="""""""""",""=""""1.40"""""",""="""" 100                                                  """""",""="""""""""""
"=""3p6.3d7.(4F).4s.4p.(3P*)"",""=""""z 6G*"""""",""=""""11/2"""""",""="""""""""",""=""""25568.68"""""",""="""""""""",""="""""""""",""=""""1.354"""""",""=""""  96                                                  """""",""="""""""""""
"=""3p6.3d7.(4F).4s.4p.(3P*)"",""=""""z 6G*"""""",""=""""9/2"""""",""="""""""""",""=""""25937.59"""""",""="""""""""",""="""""""""",""=""""1.281"""""",""=""""  94                                                  """""",""="""""""""""
"=""3p6.3d7.(4F).4s.4p.(3P*)"",""=""""z 6G*"""""",""=""""7/2"""""",""="""""""""",""=""""26232.05"""""",""="""""""""",""="""""""""",""=""""1.150"""""",""=""""  94                                                  """""",""="""""""""""
"=""3p6.3d7.(4F).4s.4p.(3P*)"",""=""""z 6G*"""""",""=""""5/2"""""",""="""""""""",""=""""26450.02"""""",""="""""""""",""="""""""""",""=""""0.876"""""",""=""""  95                                                  """""",""="""""""""""
"=""3p6.3d7.(4F).4s.4p.(3P*)"",""=""""z 6G*"""""",""=""""3/2"""""",""="""""""""",""=""""26597.64"""""",""="""""""""",""="""""""""",""=""""0.006"""""",""=""""  97                                                  """""",""="""""""""""
"=""3p6.3d9"",""=""""c 2D"""""",""=""""5/2"""""",""="""""""""",""=""""27497.06"""""",""="""""""""",""="""""""""",""=""""1.200"""""",""=""""                                                      """""",""="""""""""""
"=""3p6.3d9"",""=""""c 2D"""""",""=""""3/2"""""",""="""""""""",""=""""28470.51"""""",""="""""""""",""="""""""""",""=""""0.907"""""",""=""""                                                      """""",""="""""""""""
"=""3p6.3d7.(4F).4s.4p.(3P*)"",""=""""z 4F*"""""",""=""""9/2"""""",""="""""""""",""=""""28345.86"""""",""="""""""""",""="""""""""",""=""""1.330"""""",""=""""  82             :    15  3d8.(3F).4p            4F*  """""",""="""""""""""
"=""3p6.3d7.(4F).4s.4p.(3P*)"",""=""""z 4F*"""""",""=""""7/2"""""",""="""""""""",""=""""28777.27"""""",""="""""""""",""="""""""""",""=""""1.247"""""",""=""""  80             :    13  3d8.(3F).4p            4F*  """""",""="""""""""""
"=""3p6.3d7.(4F).4s.4p.(3P*)"",""=""""z 4F*"""""",""=""""5/2"""""",""="""""""""",""=""""29216.37"""""",""="""""""""",""="""""""""",""=""""1.033"""""",""=""""  82             :    13  3d8.(3F).4p            4F*  """""",""="""""""""""
"=""3p6.3d7.(4F).4s.4p.(3P*)"",""=""""z 4F*"""""",""=""""3/2"""""",""="""""""""",""=""""29563.17"""""",""="""""""""",""="""""""""",""=""""0.410"""""",""=""""  85             :    13  3d8.(3F).4p            4F*  """""",""="""""""""""
"=""3p6.3d7.(4F).4s.4p.(3P*)"",""=""""z 4G*"""""",""=""""11/2"""""",""="""""""""",""=""""28845.22"""""",""="""""""""",""="""""""""",""=""""1.276"""""",""=""""  95                                                  """""",""="""""""""""
"=""3p6.3d7.(4F).4s.4p.(3P*)"",""=""""z 4G*"""""",""=""""9/2"""""",""="""""""""",""=""""29269.73"""""",""="""""""""",""="""""""""",""=""""1.175"""""",""=""""  90                                                  """""",""="""""""""""
"=""3p6.3d7.(4F).4s.4p.(3P*)"",""=""""z 4G*"""""",""=""""7/2"""""",""="""""""""",""=""""29735.18"""""",""="""""""""",""="""""""""",""=""""0.995"""""",""=""""  91                                                  """""",""="""""""""""
"=""3p6.3d7.(4F).4s.4p.(3P*)"",""=""""z 4G*"""""",""=""""5/2"""""",""="""""""""",""=""""30102.96"""""",""="""""""""",""="""""""""",""=""""0.577"""""",""=""""  94                                                  """""",""="""""""""""
"=""3p6.3d7.(4F).4s.4p.(3P*)"",""=""""z 4D*"""""",""=""""7/2"""""",""="""""""""",""=""""29294.52"""""",""="""""""""",""="""""""""",""=""""1.425"""""",""=""""  53             :    42  3d8.(3F).4p            4D*  """""",""="""""""""""
"=""3p6.3d7.(4F).4s.4p.(3P*)"",""=""""z 4D*"""""",""=""""5/2"""""",""="""""""""",""=""""29948.76"""""",""="""""""""",""="""""""""",""=""""1.359"""""",""=""""  57             :    36  3d8.(3F).4p            4D*  """""",""="""""""""""
"=""3p6.3d7.(4F).4s.4p.(3P*)"",""=""""z 4D*"""""",""=""""3/2"""""",""="""""""""",""=""""30443.63"""""",""="""""""""",""="""""""""",""=""""1.192"""""",""=""""  62             :    33  3d8.(3F).4p            4D*  """""",""="""""""""""
"=""3p6.3d7.(4F).4s.4p.(3P*)"",""=""""z 4D*"""""",""=""""1/2"""""",""="""""""""",""=""""30742.65"""""",""="""""""""",""="""""""""",""=""""-0.006"""""",""=""""  65             :    31  3d8.(3F).4p            4D*  """""",""="""""""""""
"=""3p6.3d7.(4F).4s.4p.(3P*)"",""=""""z 2G*"""""",""=""""9/2"""""",""="""""""""",""=""""31699.69"""""",""="""""""""",""="""""""""",""=""""1.126"""""",""=""""  47             :    29  3d8.(3F).4p            4G*  """""",""="""""""""""
"=""3p6.3d7.(4F).4s.4p.(3P*)"",""=""""z 2G*"""""",""=""""7/2"""""",""="""""""""",""=""""32733.07"""""",""="""""""""",""="""""""""",""=""""0.899"""""",""=""""  41             :    29  3d8.(3F).4p            4F*  """""",""="""""""""""
"=""3p6.3d7.(4F).4s.4p.(3P*)"",""=""""z 2F*"""""",""=""""7/2"""""",""="""""""""",""=""""31871.15"""""",""="""""""""",""="""""""""",""=""""1.777"""""",""=""""  66             :    28  3d8.(3F).4p            2F*  """""",""="""""""""""
"=""3p6.3d7.(4F).4s.4p.(3P*)"",""=""""z 2F*"""""",""=""""5/2"""""",""="""""""""",""=""""32781.71"""""",""="""""""""",""="""""""""",""=""""0.870"""""",""=""""  71             :    26  3d8.(3F).4p            2F*  """""",""="""""""""""
"=""3p6.3d8.(3F).4p"",""=""""y 4D*"""""",""=""""7/2"""""",""="""""""""",""=""""32027.50"""""",""="""""""""",""="""""""""",""=""""1.395"""""",""=""""  46             :    45  3d7.(4F).4s.4p.(3P*)   4D*  """""",""="""""""""""
"=""3p6.3d8.(3F).4p"",""=""""y 4D*"""""",""=""""5/2"""""",""="""""""""",""=""""32654.50"""""",""="""""""""",""="""""""""",""=""""1.366"""""",""=""""  51             :    41  3d7.(4F).4s.4p.(3P*)   4D*  """""",""="""""""""""
"=""3p6.3d8.(3F).4p"",""=""""y 4D*"""""",""=""""3/2"""""",""="""""""""",""=""""33150.68"""""",""="""""""""",""="""""""""",""=""""1.195"""""",""=""""  56             :    37  3d7.(4F).4s.4p.(3P*)   4D*  """""",""="""""""""""
"=""3p6.3d8.(3F).4p"",""=""""y 4D*"""""",""=""""1/2"""""",""="""""""""",""=""""33449.18"""""",""="""""""""",""="""""""""",""=""""0.012"""""",""=""""  59             :    36  3d7.(4F).4s.4p.(3P*)   4D*  """""",""="""""""""""
"=""3p6.3d8.(3F).4p"",""=""""y 4G*"""""",""=""""11/2"""""",""="""""""""",""=""""32430.59"""""",""="""""""""",""="""""""""",""=""""1.287"""""",""=""""  94                                                  """""",""="""""""""""
"=""3p6.3d8.(3F).4p"",""=""""y 4G*"""""",""=""""9/2"""""",""="""""""""",""=""""32464.73"""""",""="""""""""",""="""""""""",""=""""1.154"""""",""=""""  53             :    28  3d8.(3F).4p            2G*  """""",""="""""""""""
"=""3p6.3d8.(3F).4p"",""=""""y 4G*"""""",""=""""5/2"""""",""="""""""""",""=""""33674.38"""""",""="""""""""",""="""""""""",""=""""0.704"""""",""=""""  52             :    30  3d8.(3F).4p            4F*  """""",""="""""""""""
"=""3p6.3d8.(3F).4p"",""=""""y 4F*"""""",""=""""9/2"""""",""="""""""""",""=""""32841.99"""""",""="""""""""",""="""""""""",""=""""1.313"""""",""=""""  51             :    22  3d7.(4F).4s.4p.(1P*)   4F*  """""",""="""""""""""
"=""3p6.3d8.(3F).4p"",""=""""y 4F*"""""",""=""""3/2"""""",""="""""""""",""=""""34196.21"""""",""="""""""""",""="""""""""",""=""""0.430"""""",""=""""  67             :    24  3d7.(4F).4s.4p.(1P*)   4F*  """""",""="""""""""""
"=""3p6.3d8.(3F).4p"",""=""""*"""""",""=""""7/2"""""",""="""""""""",""=""""33173.36"""""",""="""""""""",""="""""""""",""=""""1.039"""""",""=""""  34  4G*        :    31  3d8.(3F).4p            2G*  """""",""="""""""""""
"=""3p6.3d8.(3F).4p"",""=""""y 2G*"""""",""=""""9/2"""""",""="""""""""",""=""""33439.72"""""",""="""""""""",""="""""""""",""=""""1.165"""""",""=""""  56             :    27  3d7.(4F).4s.4p.(3P*)   2G*  """""",""="""""""""""
"=""3p6.3d8.(3F).4p"",""=""""y 2G*"""""",""=""""7/2"""""",""="""""""""",""=""""34133.59"""""",""="""""""""",""="""""""""",""=""""0.917"""""",""=""""  50             :    21  3d7.(4F).4s.4p.(3P*)   2G*  """""",""="""""""""""
"=""3p6.3d7.(4F).4s.4p.(3P*)"",""=""""z 2D*"""""",""=""""5/2"""""",""="""""""""",""=""""33462.83"""""",""="""""""""",""="""""""""",""=""""1.186"""""",""=""""  53             :    42  3d8.(3F).4p            2D*  """""",""="""""""""""
"=""3p6.3d7.(4F).4s.4p.(3P*)"",""=""""z 2D*"""""",""=""""3/2"""""",""="""""""""",""=""""34352.42"""""",""="""""""""",""="""""""""",""=""""0.787"""""",""=""""  53             :    37  3d8.(3F).4p            2D*  """""",""="""""""""""
"=""3p6.3d8.(3F).4p"",""=""""*"""""",""=""""7/2"""""",""="""""""""",""=""""33466.87"""""",""="""""""""",""="""""""""",""=""""1.155"""""",""=""""  33  4G*        :    25  3d8.(3F).4p            4F*  """""",""="""""""""""
"=""3p6.3d8.(3F).4p"",""=""""*"""""",""=""""5/2"""""",""="""""""""",""=""""33945.90"""""",""="""""""""",""="""""""""",""=""""0.900"""""",""=""""  42  4G*        :    38  3d8.(3F).4p            4F*  """""",""="""""""""""
"=""3p6.3d8.(3F).4p"",""=""""y 2F*"""""",""=""""7/2"""""",""="""""""""",""=""""35450.56"""""",""="""""""""",""="""""""""",""=""""1.145"""""",""=""""  61             :    25  3d7.(4F).4s.4p.(3P*)   2F*  """""",""="""""""""""
"=""3p6.3d8.(3F).4p"",""=""""y 2F*"""""",""=""""5/2"""""",""="""""""""",""=""""36329.86"""""",""="""""""""",""="""""""""",""=""""0.892"""""",""=""""  53             :    18  3d8.(3F).4p            2D*  """""",""="""""""""""
"=""3p6.3d8.(3F).4p"",""=""""y 2D*"""""",""=""""5/2"""""",""="""""""""",""=""""36092.44"""""",""="""""""""",""="""""""""",""=""""1.186"""""",""=""""  35             :    36  3d7.(4F).4s.4p.(3P*)   2D*  """""",""="""""""""""
"=""3p6.3d8.(3F).4p"",""=""""y 2D*"""""",""=""""3/2"""""",""="""""""""",""=""""36875.13"""""",""="""""""""",""="""""""""",""=""""0.794"""""",""=""""  53             :    40  3d7.(4F).4s.4p.(3P*)   2D*  """""",""="""""""""""
"=""3p6.3d7.(4F).4s.4p.(1P*)"",""=""""x 4D*"""""",""=""""7/2"""""",""="""""""""",""=""""39649.16"""""",""="""""""""",""="""""""""",""=""""1.428"""""",""=""""  65             :    18  3d8.(3P).4p            4D*  """""",""="""""""""""
"=""3p6.3d7.(4F).4s.4p.(1P*)"",""=""""x 4D*"""""",""=""""5/2"""""",""="""""""""",""=""""40345.95"""""",""="""""""""",""="""""""""",""=""""1.370"""""",""=""""  63             :    21  3d8.(3P).4p            4D*  """""",""="""""""""""
"=""3p6.3d7.(4F).4s.4p.(1P*)"",""=""""x 4D*"""""",""=""""3/2"""""",""="""""""""",""=""""40827.77"""""",""="""""""""",""="""""""""",""=""""1.240"""""",""=""""  62             :    23  3d8.(3P).4p            4D*  """""",""="""""""""""
"=""3p6.3d7.(4F).4s.4p.(1P*)"",""=""""x 4D*"""""",""=""""1/2"""""",""="""""""""",""=""""41101.80"""""",""="""""""""",""="""""""""",""=""""0.026"""""",""=""""  62             :    24  3d8.(3P).4p            4D*  """""",""="""""""""""
"=""3p6.3d7.(4P).4s.4p.(3P*)"",""=""""z 4S*"""""",""=""""3/2"""""",""="""""""""",""=""""40621.62"""""",""="""""""""",""="""""""""",""=""""2.017"""""",""=""""  74             :    10  3d8.(3P).4p            4S*  """""",""="""""""""""
"=""3p6.3d7.(4P).4s.4p.(3P*)"",""=""""6P*"""""",""=""""7/2"""""",""="""""""""",""=""""41041.43"""""",""="""""""""",""="""""""""",""=""""1.40"""""",""=""""  97                                                  """""",""="""""""""""
"=""3p6.3d7.(4P).4s.4p.(3P*)"",""=""""6P*"""""",""=""""5/2"""""",""="""""""""",""=""""41104.96"""""",""="""""""""",""="""""""""",""=""""1.863"""""",""=""""  93                                                  """""",""="""""""""""
"=""3p6.3d7.(4F).4s.4p.(1P*)"",""=""""x 4F*"""""",""=""""9/2"""""",""="""""""""",""=""""41225.76"""""",""="""""""""",""="""""""""",""=""""1.319"""""",""=""""  66             :    19  3d7.(2G).4s.4p.(3P*)   4F*  """""",""="""""""""""
"=""3p6.3d7.(4F).4s.4p.(1P*)"",""=""""x 4F*"""""",""=""""7/2"""""",""="""""""""",""=""""41918.41"""""",""="""""""""",""="""""""""",""=""""1.248"""""",""=""""  63             :    23  3d7.(2G).4s.4p.(3P*)   4F*  """""",""="""""""""""
"=""3p6.3d7.(4F).4s.4p.(1P*)"",""=""""x 4F*"""""",""=""""5/2"""""",""="""""""""",""=""""42434.23"""""",""="""""""""",""="""""""""",""=""""1.024"""""",""=""""  59             :    24  3d7.(2G).4s.4p.(3P*)   4F*  """""",""="""""""""""
"=""3p6.3d7.(4F).4s.4p.(1P*)"",""=""""x 4F*"""""",""=""""3/2"""""",""="""""""""",""=""""42796.67"""""",""="""""""""",""="""""""""",""=""""0.406"""""",""=""""  61             :    27  3d7.(2G).4s.4p.(3P*)   4F*  """""",""="""""""""""
"=""3p6.3d7.(4F).4s.4p.(1P*)"",""=""""x 4G*"""""",""=""""11/2"""""",""="""""""""",""=""""41528.53"""""",""="""""""""",""="""""""""",""=""""1.291"""""",""=""""  95                                                  """""",""="""""""""""
"=""3p6.3d7.(4F).4s.4p.(1P*)"",""=""""x 4G*"""""",""=""""9/2"""""",""="""""""""",""=""""42269.32"""""",""="""""""""",""="""""""""",""=""""1.169"""""",""=""""  93                                                  """""",""="""""""""""
"=""3p6.3d7.(4F).4s.4p.(1P*)"",""=""""x 4G*"""""",""=""""7/2"""""",""="""""""""",""=""""42811.44"""""",""="""""""""",""="""""""""",""=""""1.004"""""",""=""""  92                                                  """""",""="""""""""""
"=""3p6.3d7.(4F).4s.4p.(1P*)"",""=""""x 4G*"""""",""=""""5/2"""""",""="""""""""",""=""""43199.65"""""",""="""""""""",""="""""""""",""=""""0.649"""""",""=""""  93                                                  """""",""="""""""""""
"=""3p6.3d8.(3P).4p"",""=""""z 4P*"""""",""=""""5/2"""""",""="""""""""",""=""""41968.89"""""",""="""""""""",""="""""""""",""=""""1.627"""""",""=""""  65             :    12  3d7.(4P).4s.4p.(3P*)   4P*  """""",""="""""""""""
"=""3p6.3d8.(3P).4p"",""=""""z 4P*"""""",""=""""1/2"""""",""="""""""""",""=""""41969.90"""""",""="""""""""",""="""""""""",""=""""2.51"""""",""=""""  66             :    14  3d7.(2P).4s.4p.(3P*)   4P*  """""",""="""""""""""
"=""3p6.3d8.(3P).4p"",""=""""z 4P*"""""",""=""""3/2"""""",""="""""""""",""=""""41982.66"""""",""="""""""""",""="""""""""",""=""""1.732"""""",""=""""  64             :    12  3d7.(4P).4s.4p.(3P*)   4P*  """""",""="""""""""""
"=""3p6.3d7.(2G).4s.4p.(3P*)"",""=""""4H*"""""",""=""""7/2"""""",""="""""""""",""=""""42988.12"""""",""="""""""""",""="""""""""",""="""""""""",""=""""  95                                                  """""",""="""""""""""
"=""3p6.3d8.(1D).4p"",""=""""z 2P*"""""",""=""""1/2"""""",""="""""""""",""=""""43130.24"""""",""="""""""""",""="""""""""",""=""""0.727"""""",""=""""  42             :    25  3d8.(3P).4p            2P*  """""",""="""""""""""
"=""3p6.3d7.(4P).4s.4p.(3P*)"",""=""""w 4D*"""""",""=""""5/2"""""",""="""""""""",""=""""43242.95"""""",""="""""""""",""="""""""""",""=""""1.101"""""",""=""""  46             :    28  3d8.(1D).4p            2F*  """""",""="""""""""""
"=""3p6.3d7.(4P).4s.4p.(3P*)"",""=""""w 4D*"""""",""=""""3/2"""""",""="""""""""",""=""""43263.57"""""",""="""""""""",""="""""""""",""=""""1.191"""""",""=""""  58             :     9  3d8.(1D).4p            2D*  """""",""="""""""""""
"=""3p6.3d7.(4P).4s.4p.(3P*)"",""=""""w 4D*"""""",""=""""7/2"""""",""="""""""""",""=""""43398.62"""""",""="""""""""",""="""""""""",""=""""1.334"""""",""=""""  88             :     3  3d8.(1D).4p            2F*  """""",""="""""""""""
"=""3p6.3d7.(4P).4s.4p.(3P*)"",""=""""w 4D*"""""",""=""""1/2"""""",""="""""""""",""=""""43435.58"""""",""="""""""""",""="""""""""",""=""""0.169"""""",""=""""  75             :     9  3d7.(2P).4s.4p.(3P*)   4D*  """""",""="""""""""""
"=""3p6.3d7.(2G).4s.4p.(3P*)"",""=""""w 4F*"""""",""=""""9/2"""""",""="""""""""",""=""""43295.32"""""",""="""""""""",""="""""""""",""=""""1.295"""""",""=""""  71             :    15  3d7.(4F).4s.4p.(1P*)   4F*  """""",""="""""""""""
"=""3p6.3d7.(2G).4s.4p.(3P*)"",""=""""w 4F*"""""",""=""""3/2"""""",""="""""""""",""=""""44555.71"""""",""="""""""""",""="""""""""",""=""""0.415"""""",""=""""  68             :    18  3d7.(4F).4s.4p.(1P*)   4F*  """""",""="""""""""""
"=""3p6.3d8.(1D).4p"",""=""""*"""""",""=""""5/2"""""",""="""""""""",""=""""43425.71"""""",""="""""""""",""="""""""""",""=""""1.119"""""",""=""""  37  2F*        :    36  3d7.(4P).4s.4p.(3P*)   4D*  """""",""="""""""""""
"=""3p6.3d8.(1D).4p"",""=""""*"""""",""=""""3/2"""""",""="""""""""",""=""""43537.71"""""",""="""""""""",""="""""""""",""=""""1.120"""""",""=""""  31  2P*        :    23  3d8.(1D).4p            2D*  """""",""="""""""""""
"=""3p6.3d8.(1D).4p"",""=""""x 2F*"""""",""=""""7/2"""""",""="""""""""",""=""""43555.22"""""",""="""""""""",""="""""""""",""=""""1.229"""""",""=""""  45             :    20  3d7.(2G).4s.4p.(3P*)   4F*  """""",""="""""""""""
"=""3p6.3d7.(2G).4s.4p.(3P*)"",""=""""*"""""",""=""""7/2"""""",""="""""""""",""=""""43847.98"""""",""="""""""""",""="""""""""",""=""""1.197"""""",""=""""  39  4F*        :    23  3d8.(1D).4p            2F*  """""",""="""""""""""
"=""3p6.3d8.(1D).4p"",""=""""x 2D*"""""",""=""""3/2"""""",""="""""""""",""=""""43911.36"""""",""="""""""""",""="""""""""",""=""""1.127"""""",""=""""  40             :    33  3d8.(1D).4p            2P*  """""",""="""""""""""
"=""3p6.3d8.(1D).4p"",""=""""x 2D*"""""",""=""""5/2"""""",""="""""""""",""=""""43921.89"""""",""="""""""""",""="""""""""",""=""""1.230"""""",""=""""  52             :    20  3d7.(2G).4s.4p.(3P*)   4F*  """""",""="""""""""""
"=""3p6.3d7.(2G).4s.4p.(3P*)"",""=""""w 4G*"""""",""=""""11/2"""""",""="""""""""",""=""""43952.06"""""",""=""""?"""""",""="""""""""",""=""""1.279"""""",""=""""  93                                                  """""",""="""""""""""
"=""3p6.3d7.(2G).4s.4p.(3P*)"",""=""""w 4G*"""""",""=""""9/2"""""",""="""""""""",""=""""44183.34"""""",""="""""""""",""="""""""""",""=""""1.163"""""",""=""""  85             :     5  3d7.(2G).4s.4p.(3P*)   4F*  """""",""="""""""""""
"=""3p6.3d7.(2G).4s.4p.(3P*)"",""=""""w 4G*"""""",""=""""7/2"""""",""="""""""""",""=""""44394.47"""""",""="""""""""",""="""""""""",""=""""1.004"""""",""=""""  77             :    11  3d7.(2G).4s.4p.(3P*)   4F*  """""",""="""""""""""
"=""3p6.3d7.(2G).4s.4p.(3P*)"",""=""""w 4G*"""""",""=""""5/2"""""",""="""""""""",""=""""44568.47"""""",""="""""""""",""="""""""""",""=""""0.676"""""",""=""""  69             :    19  3d7.(2G).4s.4p.(3P*)   4F*  """""",""="""""""""""
"="""",""=""""4*"""""",""=""""7/2"""""",""="""""""""",""=""""43969.90"""""",""="""""""""",""="""""""""",""=""""1.081"""""",""=""""                                                      """""",""="""""""""""
"=""3p6.3d7.(2G).4s.4p.(3P*)"",""=""""*"""""",""=""""5/2"""""",""="""""""""",""=""""44201.92"""""",""="""""""""",""="""""""""",""=""""0.950"""""",""=""""  29  4F*        :    23  3d8.(1D).4p            2D*  """""",""="""""""""""
"="""",""=""""5*"""""",""=""""3/2"""""",""="""""""""",""=""""44381.32"""""",""=""""?"""""",""="""""""""",""="""""""""",""=""""                                                      """""",""="""""""""""
"=""3p6.3d7.(4P).4s.4p.(3P*)"",""=""""z 2S*"""""",""=""""1/2"""""",""="""""""""",""=""""44454.51"""""",""="""""""""",""="""""""""",""=""""2.10"""""",""=""""  61             :    21  3d8.(3P).4p            2S*  """""",""="""""""""""
"=""3p6.3d7.(4P).4s.4p.(1P*)"",""=""""y 4P*"""""",""=""""5/2"""""",""="""""""""",""=""""44480.14"""""",""="""""""""",""="""""""""",""=""""1.557"""""",""=""""  42             :    33  3d7.(2P).4s.4p.(3P*)   4P*  """""",""="""""""""""
"=""3p6.3d7.(4P).4s.4p.(1P*)"",""=""""y 4P*"""""",""=""""3/2"""""",""="""""""""",""=""""44658.03"""""",""="""""""""",""="""""""""",""=""""1.674"""""",""=""""  40             :    37  3d7.(4P).4s.4p.(3P*)   4P*  """""",""="""""""""""
"=""3p6.3d8.(3F).5s"",""=""""e 4F"""""",""=""""9/2"""""",""="""""""""",""=""""44782.13"""""",""="""""""""",""="""""""""",""=""""1.33"""""",""=""""                                                      """""",""="""""""""""
"=""3p6.3d8.(3F).5s"",""=""""e 4F"""""",""=""""7/2"""""",""="""""""""",""=""""45105.59"""""",""="""""""""",""="""""""""",""=""""1.21"""""",""=""""                                                      """""",""="""""""""""
"=""3p6.3d8.(3F).5s"",""=""""e 4F"""""",""=""""5/2"""""",""="""""""""",""=""""45876.58"""""",""="""""""""",""="""""""""",""=""""1.01"""""",""=""""                                                      """""",""="""""""""""
"=""3p6.3d8.(3F).5s"",""=""""e 4F"""""",""=""""3/2"""""",""="""""""""",""=""""46375.17"""""",""="""""""""",""="""""""""",""=""""0.44"""""",""=""""                                                      """""",""="""""""""""
"=""3p6.3d7.(2P).4s.4p.(3P*)"",""=""""4P*"""""",""=""""1/2"""""",""="""""""""",""=""""44857.57"""""",""="""""""""",""="""""""""",""=""""2.371"""""",""=""""  44             :    40  3d7.(4P).4s.4p.(1P*)   4P*  """""",""="""""""""""
"=""3p6.3d7.(2G).4s.4p.(3P*)"",""=""""z 2H*"""""",""=""""9/2"""""",""="""""""""",""=""""45111.48"""""",""="""""""""",""="""""""""",""=""""0.897"""""",""=""""  87                                                  """""",""="""""""""""
"=""3p6.3d7.(2G).4s.4p.(3P*)"",""=""""z 2H*"""""",""=""""11/2"""""",""="""""""""",""=""""45540.28"""""",""="""""""""",""="""""""""",""=""""1.097"""""",""=""""  90                                                  """""",""="""""""""""
"=""3p6.3d7.4s.(5F).5s"",""=""""e 6F"""""",""=""""11/2"""""",""="""""""""",""=""""45676.00"""""",""="""""""""",""="""""""""",""=""""1.475"""""",""=""""                                                      """""",""="""""""""""
"=""3p6.3d7.4s.(5F).5s"",""=""""e 6F"""""",""=""""9/2"""""",""="""""""""",""=""""46223.01"""""",""="""""""""",""="""""""""",""=""""1.443"""""",""=""""                                                      """""",""="""""""""""
"=""3p6.3d7.4s.(5F).5s"",""=""""e 6F"""""",""=""""7/2"""""",""="""""""""",""=""""46706.83"""""",""="""""""""",""="""""""""",""=""""1.396"""""",""=""""                                                      """""",""="""""""""""
"=""3p6.3d7.4s.(5F).5s"",""=""""e 6F"""""",""=""""5/2"""""",""="""""""""",""=""""47090.65"""""",""="""""""""",""="""""""""",""=""""1.301"""""",""=""""                                                      """""",""="""""""""""
"=""3p6.3d7.4s.(5F).5s"",""=""""e 6F"""""",""=""""3/2"""""",""="""""""""",""=""""47364.73"""""",""="""""""""",""="""""""""",""=""""1.054"""""",""=""""                                                      """""",""="""""""""""
"=""3p6.3d7.4s.(5F).5s"",""=""""e 6F"""""",""=""""1/2"""""",""="""""""""",""=""""47528.44"""""",""="""""""""",""="""""""""",""=""""-0.666"""""",""=""""                                                      """""",""="""""""""""
"=""3p6.3d8.(3P).4p"",""=""""2D*"""""",""=""""5/2"""""",""="""""""""",""=""""45688.15"""""",""="""""""""",""="""""""""",""=""""1.219"""""",""=""""  70             :     8  3d7.(4P).4s.4p.(3P*)   2D*  """""",""="""""""""""
"=""3p6.3d8.(3P).4p"",""=""""2D*"""""",""=""""3/2"""""",""="""""""""",""=""""46186.41"""""",""="""""""""",""="""""""""",""=""""1.218"""""",""=""""  72             :     7  3d8.(1D).4p            2D*  """""",""="""""""""""
"=""3p6.3d7.(2G).4s.4p.(3P*)"",""=""""x 2G*"""""",""=""""7/2"""""",""="""""""""",""=""""45766.63"""""",""="""""""""",""="""""""""",""=""""0.898"""""",""=""""  79             :    10  3d7.(2H).4s.4p.(3P*)   2G*  """""",""="""""""""""
"=""3p6.3d7.(2G).4s.4p.(3P*)"",""=""""x 2G*"""""",""=""""9/2"""""",""="""""""""",""=""""46032.10"""""",""="""""""""",""="""""""""",""=""""1.131"""""",""=""""  80             :    10  3d7.(2H).4s.4p.(3P*)   2G*  """""",""="""""""""""
"=""3p6.3d8.(3P).4p"",""=""""4S*"""""",""=""""3/2"""""",""="""""""""",""=""""45904.68"""""",""="""""""""",""="""""""""",""=""""1.674"""""",""=""""  32             :    25  3d7.(4P).4s.4p.(3P*)   4S*  """""",""="""""""""""
"=""3p6.3d8.(3F).5s"",""=""""e 2F"""""",""=""""7/2"""""",""="""""""""",""=""""45924.98"""""",""="""""""""",""="""""""""",""=""""1.14"""""",""=""""                                                      """""",""="""""""""""
"=""3p6.3d8.(3F).5s"",""=""""e 2F"""""",""=""""5/2"""""",""="""""""""",""=""""46746.00"""""",""="""""""""",""="""""""""",""=""""0.49"""""",""=""""                                                      """""",""="""""""""""
"=""3p6.3d7.(4P).4s.4p.(3P*)"",""=""""x 4P*"""""",""=""""1/2"""""",""="""""""""",""=""""45957.29"""""",""="""""""""",""="""""""""",""=""""2.522"""""",""=""""  44             :    22  3d8.(3P).4p            4P*  """""",""="""""""""""
"=""3p6.3d7.(4P).4s.4p.(3P*)"",""=""""x 4P*"""""",""=""""5/2"""""",""="""""""""",""=""""46002.83"""""",""="""""""""",""="""""""""",""=""""1.543"""""",""=""""  30             :    24  3d7.(2P).4s.4p.(3P*)   4P*  """""",""="""""""""""
"=""3p6.3d7.(4P).4s.4p.(3P*)"",""=""""x 4P*"""""",""=""""3/2"""""",""="""""""""",""=""""46260.02"""""",""="""""""""",""="""""""""",""=""""1.508"""""",""=""""  30             :    18  3d8.(3P).4p            4P*  """""",""="""""""""""
"=""3p6.3d8.(3P).4p"",""=""""4D*"""""",""=""""7/2"""""",""="""""""""",""=""""45971.19"""""",""="""""""""",""="""""""""",""=""""1.424"""""",""=""""  44             :    22  3d7.(2P).4s.4p.(3P*)   4D*  """""",""="""""""""""
"=""3p6.3d8.(3P).4p"",""=""""4D*"""""",""=""""5/2"""""",""="""""""""",""=""""46329.63"""""",""="""""""""",""="""""""""",""=""""1.365"""""",""=""""  28             :    25  3d7.(2P).4s.4p.(3P*)   4D*  """""",""="""""""""""
"=""3p6.3d8.(3P).4p"",""=""""4D*"""""",""=""""1/2"""""",""="""""""""",""=""""46502.15"""""",""="""""""""",""="""""""""",""=""""0.161"""""",""=""""  27             :    21  3d7.(a 2D).4s.4p.(3P*) 4D*  """""",""="""""""""""
"=""3p6.3d7.(4P).4s.4p.(3P*)"",""=""""2D*"""""",""=""""3/2"""""",""="""""""""",""=""""46454.95"""""",""="""""""""",""="""""""""",""=""""0.869"""""",""=""""  61             :    14  3d7.(2P).4s.4p.(3P*)   2D*  """""",""="""""""""""
"=""3p6.3d7.(4P).4s.4p.(3P*)"",""=""""2D*"""""",""=""""5/2"""""",""="""""""""",""=""""46671.94"""""",""="""""""""",""="""""""""",""=""""1.233"""""",""=""""  45             :    20  3d7.(2G).4s.4p.(3P*)   2F*  """""",""="""""""""""
"=""3p6.3d8.(3P).4p"",""=""""*"""""",""=""""3/2"""""",""="""""""""",""=""""46562.87"""""",""="""""""""",""="""""""""",""=""""1.273"""""",""=""""  16  2P*        :    14  3d8.(3P).4p            4D*  """""",""="""""""""""
"=""3p6.3d8.(3P).4p"",""=""""*"""""",""=""""3/2"""""",""="""""""""",""=""""46685.43"""""",""="""""""""",""="""""""""",""=""""1.352"""""",""=""""  27  2P*        :    12  3d8.(1D).4p            2P*  """""",""="""""""""""
"=""3p6.3d7.(2P).4s.4p.(3P*)"",""=""""*"""""",""=""""7/2"""""",""="""""""""",""=""""46872.74"""""",""="""""""""",""="""""""""",""=""""1.332"""""",""=""""  26  4D*        :    23  3d7.(a 2D).4s.4p.(3P*) 4D*  """""",""="""""""""""
"=""3p6.3d8.(3P).4p"",""=""""y 2P*"""""",""=""""1/2"""""",""="""""""""",""=""""47091.14"""""",""="""""""""",""="""""""""",""=""""0.656"""""",""=""""  46             :    30  3d8.(1D).4p            2P*  """""",""="""""""""""
"=""3p6.3d7.(2G).4s.4p.(3P*)"",""=""""*"""""",""=""""5/2"""""",""="""""""""",""=""""47128.96"""""",""="""""""""",""="""""""""",""=""""0.858"""""",""=""""  33  2F*        :    22  3d7.(4P).4s.4p.(3P*)   2D*  """""",""="""""""""""
"=""3p6.3d7.(2G).4s.4p.(3P*)"",""=""""*"""""",""=""""7/2"""""",""="""""""""",""=""""47225.11"""""",""="""""""""",""="""""""""",""=""""1.229"""""",""=""""  36  2F*        :    31  3d7.(2P).4s.4p.(3P*)   4D*  """""",""="""""""""""
"=""3p6.3d7.(2P).4s.4p.(3P*)"",""=""""u 4D*"""""",""=""""5/2"""""",""="""""""""",""=""""47393.93"""""",""="""""""""",""="""""""""",""=""""1.324"""""",""=""""  45             :    13  3d7.(4P).4s.4p.(3P*)   2D*  """""",""="""""""""""
"=""3p6.3d7.(2P).4s.4p.(3P*)"",""=""""u 4D*"""""",""=""""3/2"""""",""="""""""""",""=""""47612.18"""""",""="""""""""",""="""""""""",""=""""1.122"""""",""=""""  47             :    18  3d8.(3P).4p            4D*  """""",""="""""""""""
"=""3p6.3d7.4s.(5F).5s"",""=""""f 4F"""""",""=""""9/2"""""",""="""""""""",""=""""47524.47"""""",""="""""""""",""="""""""""",""=""""1.328"""""",""=""""                                                      """""",""="""""""""""
"=""3p6.3d7.4s.(5F).5s"",""=""""f 4F"""""",""=""""7/2"""""",""="""""""""",""=""""48201.60"""""",""="""""""""",""="""""""""",""=""""1.226"""""",""=""""                                                      """""",""="""""""""""
"=""3p6.3d7.4s.(5F).5s"",""=""""f 4F"""""",""=""""5/2"""""",""="""""""""",""=""""48718.57"""""",""="""""""""",""="""""""""",""=""""1.041"""""",""=""""                                                      """""",""="""""""""""
"=""3p6.3d7.4s.(5F).5s"",""=""""f 4F"""""",""=""""3/2"""""",""="""""""""",""=""""49078.43"""""",""="""""""""",""="""""""""",""=""""0.401"""""",""=""""                                                      """""",""="""""""""""
"="""",""=""""6*"""""",""=""""7/2"""""",""="""""""""",""=""""47839.15"""""",""="""""""""",""="""""""""",""="""""""""",""=""""                                                      """""",""="""""""""""
"=""3p6.3d7.(2P).4s.4p.(3P*)"",""=""""*"""""",""=""""1/2"""""",""="""""""""",""=""""47905.26"""""",""="""""""""",""="""""""""",""=""""0.016"""""",""=""""  37  4D*        :    21  3d8.(3P).4p            2S*  """""",""="""""""""""
"="""",""=""""y 2S*"""""",""=""""1/2"""""",""="""""""""",""=""""47977.94"""""",""="""""""""",""="""""""""",""=""""2.093"""""",""=""""                                                      """""",""="""""""""""
"=""3p6.3d8.(3P).4p"",""=""""*"""""",""=""""1/2"""""",""="""""""""",""=""""48026.34"""""",""="""""""""",""="""""""""",""=""""1.699"""""",""=""""  35  2S*        :    26  3d7.(2P).4s.4p.(3P*)   4D*  """""",""="""""""""""
"=""3p6.3d7.(a 2D).4s.4p.(3P*)"",""=""""t 4D*"""""",""=""""7/2"""""",""="""""""""",""=""""48217.32"""""",""="""""""""",""="""""""""",""=""""1.211"""""",""=""""  51             :    18  3d8.(3P).4p            4D*  """""",""="""""""""""
"=""3p6.3d7.(a 2D).4s.4p.(3P*)"",""=""""t 4D*"""""",""=""""5/2"""""",""="""""""""",""=""""48443.76"""""",""="""""""""",""="""""""""",""=""""1.340"""""",""=""""  52             :    19  3d8.(3P).4p            4D*  """""",""="""""""""""
"=""3p6.3d7.(a 2D).4s.4p.(3P*)"",""=""""t 4D*"""""",""=""""1/2"""""",""="""""""""",""=""""48571.77"""""",""="""""""""",""="""""""""",""=""""0.452"""""",""=""""  52             :    16  3d8.(3P).4p            4D*  """""",""="""""""""""
"=""3p6.3d7.(2H).4s.4p.(3P*)"",""=""""4G*"""""",""=""""7/2"""""",""="""""""""",""=""""48317.17"""""",""="""""""""",""="""""""""",""=""""1.173"""""",""=""""  84             :     4  3d7.(2G).4s.4p.(3P*)   2F*  """""",""="""""""""""
"=""3p6.3d7.(2H).4s.4p.(3P*)"",""=""""4G*"""""",""=""""5/2"""""",""="""""""""",""=""""48615.56"""""",""=""""?"""""",""="""""""""",""=""""0.619"""""",""=""""  81             :     7  3d7.(2G).4s.4p.(3P*)   2F*  """""",""="""""""""""
"=""3p6.3d7.(4P).4s.4p.(3P*)"",""=""""2P*"""""",""=""""3/2"""""",""="""""""""",""=""""48334.37"""""",""="""""""""",""="""""""""",""=""""1.436"""""",""=""""  40             :    15  3d7.(2P).4s.4p.(3P*)   4S*  """""",""="""""""""""
"=""3p6.3d7.(4P).4s.4p.(3P*)"",""=""""2P*"""""",""=""""1/2"""""",""="""""""""",""=""""48837.72"""""",""="""""""""",""="""""""""",""=""""1.50"""""",""=""""  60             :    12  3d7.(2P).4s.4p.(3P*)   2S*  """""",""="""""""""""
"=""3p6.3d7.(a 2D).4s.4p.(3P*)"",""=""""*"""""",""=""""3/2"""""",""="""""""""",""=""""48546.07"""""",""="""""""""",""="""""""""",""=""""1.050"""""",""=""""  21  4D*        :    22  3d7.(2P).4s.4p.(3P*)   4S*  """""",""="""""""""""
"=""3p6.3d7.(2P).4s.4p.(3P*)"",""=""""x 4S*"""""",""=""""3/2"""""",""="""""""""",""=""""48753.72"""""",""="""""""""",""="""""""""",""=""""1.728"""""",""=""""  48             :    26  3d7.(a 2D).4s.4p.(3P*) 4D*  """""",""="""""""""""
"=""3p6.3d7.(a 2D).4s.4p.(3P*)"",""=""""*"""""",""=""""5/2"""""",""="""""""""",""=""""48828.87"""""",""="""""""""",""="""""""""",""="""""""""",""=""""  34  4P*        :    32  3d7.(2P).4s.4p.(3P*)   2D*  """""",""="""""""""""
"="""",""=""""8*"""""",""=""""3/2"""""",""="""""""""",""=""""48851.58"""""",""=""""?"""""",""="""""""""",""="""""""""",""=""""                                                      """""",""="""""""""""
"=""3p6.3d7.(2P).4s.4p.(3P*)"",""=""""*"""""",""=""""3/2"""""",""="""""""""",""=""""49025.42"""""",""="""""""""",""="""""""""",""=""""1.099"""""",""=""""  39  2D*        :    34  3d7.(4P).4s.4p.(3P*)   2P*  """""",""="""""""""""
"=""3p6.3d7.(a 2D).4s.4p.(3P*)"",""=""""4F*"""""",""=""""9/2"""""",""="""""""""",""=""""49197.74"""""",""=""""?"""""",""="""""""""",""="""""""""",""=""""  98                                                  """""",""="""""""""""
"=""3p6.3d7.(a 2D).4s.4p.(3P*)"",""=""""4F*"""""",""=""""7/2"""""",""="""""""""",""=""""49484.05"""""",""="""""""""",""="""""""""",""=""""1.260"""""",""=""""  75             :     6  3d7.(2P).4s.4p.(3P*)   4D*  """""",""="""""""""""
"=""3p6.3d7.(a 2D).4s.4p.(3P*)"",""=""""4F*"""""",""=""""5/2"""""",""="""""""""",""=""""49847.08"""""",""="""""""""",""="""""""""",""=""""1.079"""""",""=""""  43             :    24  3d7.(2P).4s.4p.(3P*)   2D*  """""",""="""""""""""
"=""3p6.3d7.(a 2D).4s.4p.(3P*)"",""=""""4F*"""""",""=""""3/2"""""",""="""""""""",""=""""50105.05"""""",""="""""""""",""="""""""""",""=""""0.569"""""",""=""""  50             :    15  3d7.(2P).4s.4p.(3P*)   2D*  """""",""="""""""""""
"="""",""=""""w 2P*"""""",""=""""1/2"""""",""="""""""""",""=""""49754.73"""""",""="""""""""",""="""""""""",""=""""1.365"""""",""=""""                                                      """""",""="""""""""""
"=""3p6.3d8.(1G).4p"",""=""""y 2H*"""""",""=""""9/2"""""",""="""""""""",""=""""50210.80"""""",""="""""""""",""="""""""""",""=""""0.899"""""",""=""""  81             :     9  3d7.(2H).4s.4p.(3P*)   2H*  """""",""="""""""""""
"=""3p6.3d8.(1G).4p"",""=""""y 2H*"""""",""=""""11/2"""""",""="""""""""",""=""""50375.91"""""",""="""""""""",""="""""""""",""=""""1.091"""""",""=""""  69             :    17  3d7.(2H).4s.4p.(3P*)   2H*  """""",""="""""""""""
"=""3p6.3d8.(1G).4p"",""=""""u 2F*"""""",""=""""7/2"""""",""="""""""""",""=""""50578.73"""""",""="""""""""",""="""""""""",""=""""1.125"""""",""=""""  60             :    12  3d7.(a 2D).4s.4p.(3P*) 2F*  """""",""="""""""""""
"=""3p6.3d8.(1G).4p"",""=""""u 2F*"""""",""=""""5/2"""""",""="""""""""",""=""""50712.45"""""",""="""""""""",""="""""""""",""=""""0.905"""""",""=""""  57             :    17  3d7.(a 2D).4s.4p.(3P*) 2F*  """""",""="""""""""""
"=""3p6.3d8.(1G).4p"",""=""""w 2G*"""""",""=""""9/2"""""",""="""""""""",""=""""50593.38"""""",""="""""""""",""="""""""""",""=""""1.10"""""",""=""""  40             :    38  3d7.(2H).4s.4p.(3P*)   2G*  """""",""="""""""""""
"=""3p6.3d8.(1G).4p"",""=""""w 2G*"""""",""=""""7/2"""""",""="""""""""",""=""""50611.22"""""",""="""""""""",""="""""""""",""=""""0.82"""""",""=""""  38             :    37  3d7.(2H).4s.4p.(3P*)   2G*  """""",""="""""""""""
"=""3p6.3d7.(2H).4s.4p.(3P*)"",""=""""4H*"""""",""=""""11/2"""""",""="""""""""",""=""""50703.08"""""",""="""""""""",""="""""""""",""=""""1.110"""""",""=""""  86             :    11  3d8.(1G).4p            2H*  """""",""="""""""""""
"=""3p6.3d7.(2H).4s.4p.(3P*)"",""=""""4H*"""""",""=""""9/2"""""",""="""""""""",""=""""50902.61"""""",""="""""""""",""="""""""""",""=""""0.941"""""",""=""""  86             :     5  3d8.(1G).4p            2G*  """""",""="""""""""""
"=""3p6.3d7.(2H).4s.4p.(3P*)"",""=""""4H*"""""",""=""""7/2"""""",""="""""""""",""=""""51184.63"""""",""="""""""""",""="""""""""",""="""""""""",""=""""  89             :     5  3d8.(1G).4p            2G*  """""",""="""""""""""
"="""",""=""""13*"""""",""=""""7/2"""""",""="""""""""",""=""""50738.20"""""",""="""""""""",""="""""""""",""="""""""""",""=""""                                                      """""",""="""""""""""
"="""",""=""""13*"""""",""=""""9/2"""""",""="""""""""",""=""""50738.20"""""",""="""""""""",""="""""""""",""="""""""""",""=""""                                                      """""",""="""""""""""
"="""",""=""""s 4D*"""""",""=""""7/2"""""",""="""""""""",""=""""50741.66"""""",""="""""""""",""="""""""""",""=""""1.458"""""",""=""""                                                      """""",""="""""""""""
"="""",""=""""s 4D*"""""",""=""""5/2"""""",""="""""""""",""=""""51139.38"""""",""="""""""""",""="""""""""",""="""""""""",""=""""                                                      """""",""="""""""""""
"="""",""=""""s 4D*"""""",""=""""3/2"""""",""="""""""""",""=""""51847.27"""""",""="""""""""",""="""""""""",""="""""""""",""=""""                                                      """""",""="""""""""""
"="""",""=""""s 4D*"""""",""=""""1/2"""""",""="""""""""",""=""""52264.01"""""",""=""""?"""""",""="""""""""",""="""""""""",""=""""                                                      """""",""="""""""""""
"="""",""=""""14*"""""",""=""""5/2"""""",""="""""""""",""=""""50806.55"""""",""="""""""""",""="""""""""",""=""""1.136"""""",""=""""                                                      """""",""="""""""""""
"=""3p6.3d7.(2P).4s.4p.(3P*)"",""=""""v 2P*"""""",""=""""3/2"""""",""="""""""""",""=""""50925.11"""""",""="""""""""",""="""""""""",""=""""1.340"""""",""=""""  53             :    15  3d7.(a 2D).4s.4p.(3P*) 4D*  """""",""="""""""""""
"=""3p6.3d7.(2P).4s.4p.(3P*)"",""=""""v 2P*"""""",""=""""1/2"""""",""="""""""""",""=""""50945.47"""""",""="""""""""",""="""""""""",""=""""0.732"""""",""=""""  71             :    13  3d7.(a 2D).4s.4p.(3P*) 4D*  """""",""="""""""""""
"=""3p6.3d8.(3F).4d"",""=""""e 4P"""""",""=""""5/2"""""",""="""""""""",""=""""51042.26"""""",""="""""""""",""="""""""""",""=""""1.59"""""",""=""""                                                      """""",""="""""""""""
"=""3p6.3d8.(3F).4d"",""=""""e 4P"""""",""=""""3/2"""""",""="""""""""",""=""""52033.26"""""",""="""""""""",""="""""""""",""=""""1.40"""""",""=""""                                                      """""",""="""""""""""
"=""3p6.3d8.(3F).4d"",""=""""e 4P"""""",""=""""1/2"""""",""="""""""""",""=""""52915.92"""""",""=""""?"""""",""="""""""""",""="""""""""",""=""""                                                      """""",""="""""""""""
"=""3p6.3d8.(3F).4d"",""=""""e 4D"""""",""=""""7/2"""""",""="""""""""",""=""""51052.98"""""",""="""""""""",""="""""""""",""=""""1.402"""""",""=""""                                                      """""",""="""""""""""
"=""3p6.3d8.(3F).4d"",""=""""e 4D"""""",""=""""5/2"""""",""="""""""""",""=""""51560.76"""""",""="""""""""",""="""""""""",""=""""1.354"""""",""=""""                                                      """""",""="""""""""""
"=""3p6.3d8.(3F).4d"",""=""""e 4D"""""",""=""""3/2"""""",""="""""""""",""=""""52264.49"""""",""=""""?"""""",""="""""""""",""="""""""""",""=""""                                                      """""",""="""""""""""
"=""3p6.3d8.(3F).4d"",""=""""e 4D"""""",""=""""1/2"""""",""="""""""""",""=""""52634.62"""""",""="""""""""",""="""""""""",""=""""1.58"""""",""=""""                                                      """""",""="""""""""""
"=""3p6.3d8.(3F).4d"",""=""""e 4H"""""",""=""""13/2"""""",""="""""""""",""=""""51142.53"""""",""="""""""""",""="""""""""",""=""""1.224"""""",""=""""                                                      """""",""="""""""""""
"=""3p6.3d8.(3F).4d"",""=""""e 4H"""""",""=""""11/2"""""",""="""""""""",""=""""51174.28"""""",""="""""""""",""="""""""""",""=""""1.147"""""",""=""""                                                      """""",""="""""""""""
"=""3p6.3d8.(3F).4d"",""=""""e 4H"""""",""=""""9/2"""""",""="""""""""",""=""""52121.21"""""",""="""""""""",""="""""""""",""=""""0.96"""""",""=""""                                                      """""",""="""""""""""
"=""3p6.3d8.(3F).4d"",""=""""e 4H"""""",""=""""7/2"""""",""="""""""""",""=""""52716.70"""""",""="""""""""",""="""""""""",""=""""0.896"""""",""=""""                                                      """""",""="""""""""""
"=""3p6.3d7.(a 2D).4s.4p.(3P*)"",""=""""w 4P*"""""",""=""""5/2"""""",""="""""""""",""=""""51160.03"""""",""="""""""""",""="""""""""",""=""""1.578"""""",""=""""  73             :    13  3d7.(2P).4s.4p.(3P*)   4P*  """""",""="""""""""""
"=""3p6.3d7.(a 2D).4s.4p.(3P*)"",""=""""w 4P*"""""",""=""""3/2"""""",""="""""""""",""=""""52014.45"""""",""="""""""""",""="""""""""",""=""""1.616"""""",""=""""  57             :    17  3d7.(2P).4s.4p.(3P*)   2P*  """""",""="""""""""""
"=""3p6.3d7.(a 2D).4s.4p.(3P*)"",""=""""w 4P*"""""",""=""""1/2"""""",""="""""""""",""=""""52355.12"""""",""="""""""""",""="""""""""",""=""""2.304"""""",""=""""  66             :    12  3d7.(2P).4s.4p.(3P*)   4P*  """""",""="""""""""""
"=""3p6.3d8.(3F).4d"",""=""""g 4F"""""",""=""""9/2"""""",""="""""""""",""=""""51170.14"""""",""="""""""""",""="""""""""",""=""""1.337"""""",""=""""                                                      """""",""="""""""""""
"=""3p6.3d8.(3F).4d"",""=""""g 4F"""""",""=""""7/2"""""",""="""""""""",""=""""51199.58"""""",""="""""""""",""="""""""""",""=""""1.16"""""",""=""""                                                      """""",""="""""""""""
"=""3p6.3d8.(3F).4d"",""=""""g 4F"""""",""=""""5/2"""""",""="""""""""",""=""""52070.00"""""",""="""""""""",""="""""""""",""=""""1.08"""""",""=""""                                                      """""",""="""""""""""
"=""3p6.3d8.(3F).4d"",""=""""g 4F"""""",""=""""3/2"""""",""="""""""""",""=""""52702.76"""""",""=""""?"""""",""="""""""""",""=""""0.76"""""",""=""""                                                      """""",""="""""""""""
"=""3p6.3d8.(3F).4d"",""=""""e 2P"""""",""=""""3/2"""""",""="""""""""",""=""""51200.60"""""",""="""""""""",""="""""""""",""=""""1.368"""""",""=""""                                                      """""",""="""""""""""
"=""3p6.3d8.(3F).4d"",""=""""e 2P"""""",""=""""1/2"""""",""="""""""""",""=""""52041.14"""""",""="""""""""",""="""""""""",""=""""0.48"""""",""=""""                                                      """""",""="""""""""""
"=""3p6.3d8.(3F).4d"",""=""""e 4G"""""",""=""""11/2"""""",""="""""""""",""=""""51203.75"""""",""="""""""""",""="""""""""",""=""""1.218"""""",""=""""                                                      """""",""="""""""""""
"=""3p6.3d8.(3F).4d"",""=""""e 4G"""""",""=""""9/2"""""",""="""""""""",""=""""51267.93"""""",""="""""""""",""="""""""""",""=""""1.083"""""",""=""""                                                      """""",""="""""""""""
"=""3p6.3d8.(3F).4d"",""=""""e 4G"""""",""=""""7/2"""""",""="""""""""",""=""""52162.02"""""",""="""""""""",""="""""""""",""=""""1.13"""""",""=""""                                                      """""",""="""""""""""
"=""3p6.3d8.(3F).4d"",""=""""e 4G"""""",""=""""5/2"""""",""="""""""""",""=""""52772.30"""""",""="""""""""",""="""""""""",""=""""0.74"""""",""=""""                                                      """""",""="""""""""""
"="""",""=""""16*"""""",""=""""5/2"""""",""="""""""""",""=""""51863.18"""""",""="""""""""",""="""""""""",""="""""""""",""=""""                                                      """""",""="""""""""""
"="""",""=""""17*"""""",""=""""5/2"""""",""="""""""""",""=""""51989.31"""""",""=""""?"""""",""="""""""""",""="""""""""",""=""""                                                      """""",""="""""""""""
"=""3p6.3d8.(3F).4d"",""=""""f 2F"""""",""=""""7/2"""""",""="""""""""",""=""""52095.00"""""",""="""""""""",""="""""""""",""=""""1.118"""""",""=""""                                                      """""",""="""""""""""
"=""3p6.3d8.(3F).4d"",""=""""f 2F"""""",""=""""5/2"""""",""="""""""""",""=""""52970.62"""""",""="""""""""",""="""""""""",""=""""1.13"""""",""=""""                                                      """""",""="""""""""""
"=""3p6.3d8.(3F).4d"",""=""""e 2H"""""",""=""""11/2"""""",""="""""""""",""=""""52113.91"""""",""="""""""""",""="""""""""",""=""""1.13"""""",""=""""                                                      """""",""="""""""""""
"=""3p6.3d8.(3F).4d"",""=""""e 2H"""""",""=""""9/2"""""",""="""""""""",""=""""52775.47"""""",""="""""""""",""="""""""""",""=""""0.97"""""",""=""""                                                      """""",""="""""""""""
"=""3p6.3d8.(3F).4d"",""=""""e 2G"""""",""=""""9/2"""""",""="""""""""",""=""""52156.46"""""",""="""""""""",""="""""""""",""=""""1.12"""""",""=""""                                                      """""",""="""""""""""
"=""3p6.3d8.(3F).4d"",""=""""e 2G"""""",""=""""7/2"""""",""="""""""""",""=""""52856.68"""""",""="""""""""",""="""""""""",""=""""0.92"""""",""=""""                                                      """""",""="""""""""""
"=""3p6.3d8.(3F).4d"",""=""""e 2D"""""",""=""""5/2"""""",""="""""""""",""=""""52460.10"""""",""="""""""""",""="""""""""",""=""""0.92"""""",""=""""                                                      """""",""="""""""""""
"=""3p6.3d8.(3F).4d"",""=""""e 2D"""""",""=""""3/2"""""",""="""""""""",""=""""53343.27"""""",""="""""""""",""="""""""""",""=""""0.80"""""",""=""""                                                      """""",""="""""""""""
"="""",""=""""18*"""""",""=""""7/2"""""",""="""""""""",""=""""52476.64"""""",""="""""""""",""="""""""""",""="""""""""",""=""""                                                      """""",""="""""""""""
"="""",""=""""19*"""""",""=""""3/2"""""",""="""""""""",""=""""52498.17"""""",""="""""""""",""="""""""""",""="""""""""",""=""""                                                      """""",""="""""""""""
"="""",""=""""20*"""""",""=""""3/2"""""",""="""""""""",""=""""52526.04"""""",""="""""""""",""="""""""""",""="""""""""",""=""""                                                      """""",""="""""""""""
"="""",""=""""20*"""""",""=""""5/2"""""",""="""""""""",""=""""52526.04"""""",""="""""""""",""="""""""""",""="""""""""",""=""""                                                      """""",""="""""""""""
"=""3p6.3d7.4s.(3F).5s"",""=""""g 2F"""""",""=""""7/2"""""",""="""""""""",""=""""52763.68"""""",""="""""""""",""="""""""""",""=""""0.933"""""",""=""""                                                      """""",""="""""""""""
"=""3p6.3d7.4s.(3F).5s"",""=""""g 2F"""""",""=""""5/2"""""",""="""""""""",""=""""53704.14"""""",""="""""""""",""="""""""""",""=""""0.923"""""",""=""""                                                      """""",""="""""""""""
"=""3p6.3d7.(a 2D).4s.4p.(3P*)"",""=""""2F*"""""",""=""""5/2"""""",""="""""""""",""=""""52796.13"""""",""="""""""""",""="""""""""",""=""""0.883"""""",""=""""  58             :    17  3d8.(1G).4p            2F*  """""",""="""""""""""
"=""3p6.3d7.(a 2D).4s.4p.(3P*)"",""=""""2F*"""""",""=""""7/2"""""",""="""""""""",""=""""53103.78"""""",""="""""""""",""="""""""""",""=""""1.136"""""",""=""""  75             :    11  3d7.(2G).4s.4p.(3P*)   2F*  """""",""="""""""""""
"=""3p6.3d7.4s.(3F).5s"",""=""""h 4F"""""",""=""""9/2"""""",""="""""""""",""=""""52864.41"""""",""="""""""""",""="""""""""",""=""""1.307"""""",""=""""                                                      """""",""="""""""""""
"=""3p6.3d7.4s.(3F).5s"",""=""""h 4F"""""",""=""""7/2"""""",""="""""""""",""=""""53694.57"""""",""=""""?"""""",""="""""""""",""=""""1.28"""""",""=""""                                                      """""",""="""""""""""
"=""3p6.3d7.4s.(3F).5s"",""=""""h 4F"""""",""=""""5/2"""""",""="""""""""",""=""""54258.75"""""",""=""""?"""""",""="""""""""",""=""""0.986"""""",""=""""                                                      """""",""="""""""""""
"=""3p6.3d7.4s.(3F).5s"",""=""""h 4F"""""",""=""""3/2"""""",""="""""""""",""=""""54426.64"""""",""="""""""""",""="""""""""",""=""""0.422"""""",""=""""                                                      """""",""="""""""""""
"="""",""=""""21*"""""",""=""""7/2"""""",""="""""""""",""=""""53065.96"""""",""="""""""""",""="""""""""",""="""""""""",""=""""                                                      """""",""="""""""""""
"="""",""=""""21*"""""",""=""""9/2"""""",""="""""""""",""=""""53065.96"""""",""="""""""""",""="""""""""",""="""""""""",""=""""                                                      """""",""="""""""""""
"=""3p6.3d7.(a 2D).4s.4p.(3P*)"",""=""""u 2D*"""""",""=""""3/2"""""",""="""""""""",""=""""53074.92"""""",""="""""""""",""="""""""""",""=""""0.823"""""",""=""""  51             :    21  3d7.(2P).4s.4p.(3P*)   2D*  """""",""="""""""""""
"=""3p6.3d7.(a 2D).4s.4p.(3P*)"",""=""""u 2D*"""""",""=""""5/2"""""",""="""""""""",""=""""53195.98"""""",""="""""""""",""="""""""""",""=""""1.206"""""",""=""""  49             :    18  3d7.(2P).4s.4p.(3P*)   2D*  """""",""="""""""""""
"=""3p6.3d7.(2H).4s.4p.(3P*)"",""=""""v 2G*"""""",""=""""9/2"""""",""="""""""""",""=""""53276.02"""""",""="""""""""",""="""""""""",""=""""1.124"""""",""=""""  44             :    28  3d8.(1G).4p            2G*  """""",""="""""""""""
"=""3p6.3d7.(2H).4s.4p.(3P*)"",""=""""v 2G*"""""",""=""""7/2"""""",""="""""""""",""=""""53373.53"""""",""="""""""""",""="""""""""",""=""""0.888"""""",""=""""  44             :    30  3d8.(1G).4p            2G*  """""",""="""""""""""
"="""",""=""""22*"""""",""=""""7/2"""""",""="""""""""",""=""""53463.10"""""",""="""""""""",""="""""""""",""="""""""""",""=""""                                                      """""",""="""""""""""
"=""3p6.3d7.4s.(5F).4d"",""=""""f 4G"""""",""=""""11/2"""""",""="""""""""",""=""""53511.83"""""",""="""""""""",""="""""""""",""=""""1.274"""""",""=""""                                                      """""",""="""""""""""
"=""3p6.3d7.4s.(5F).4d"",""=""""f 4G"""""",""=""""9/2"""""",""="""""""""",""=""""54158.17"""""",""="""""""""",""="""""""""",""=""""1.25"""""",""=""""                                                      """""",""="""""""""""
"=""3p6.3d7.4s.(5F).4d"",""=""""f 4G"""""",""=""""7/2"""""",""="""""""""",""=""""54514.67"""""",""="""""""""",""="""""""""",""=""""1.23"""""",""=""""                                                      """""",""="""""""""""
"=""3p6.3d7.4s.(5F).4d"",""=""""f 4G"""""",""=""""5/2"""""",""="""""""""",""=""""55165.63"""""",""=""""?"""""",""="""""""""",""="""""""""",""=""""                                                      """""",""="""""""""""
"=""3p6.3d7.4s.(5F).4d"",""=""""f 4H"""""",""=""""13/2"""""",""="""""""""",""=""""53618.08"""""",""="""""""""",""="""""""""",""=""""1.227"""""",""=""""                                                      """""",""="""""""""""
"=""3p6.3d7.4s.(5F).4d"",""=""""f 4H"""""",""=""""11/2"""""",""="""""""""",""=""""54315.67"""""",""="""""""""",""="""""""""",""=""""1.168"""""",""=""""                                                      """""",""="""""""""""
"=""3p6.3d7.4s.(5F).4d"",""=""""f 4H"""""",""=""""9/2"""""",""="""""""""",""=""""54860.93"""""",""="""""""""",""="""""""""",""=""""1.10"""""",""=""""                                                      """""",""="""""""""""
"=""3p6.3d7.4s.(5F).4d"",""=""""f 4H"""""",""=""""7/2"""""",""="""""""""",""=""""55268.75"""""",""="""""""""",""="""""""""",""=""""0.857"""""",""=""""                                                      """""",""="""""""""""
"=""3p6.3d7.4s.(5F).4d"",""=""""f 6F"""""",""=""""11/2"""""",""="""""""""",""=""""53660.37"""""",""="""""""""",""="""""""""",""=""""1.421"""""",""=""""                                                      """""",""="""""""""""
"=""3p6.3d7.4s.(5F).4d"",""=""""f 6F"""""",""=""""9/2"""""",""="""""""""",""=""""54356.45"""""",""="""""""""",""="""""""""",""=""""1.403"""""",""=""""                                                      """""",""="""""""""""
"=""3p6.3d7.4s.(5F).4d"",""=""""f 6F"""""",""=""""7/2"""""",""="""""""""",""=""""54896.57"""""",""="""""""""",""="""""""""",""=""""1.27"""""",""=""""                                                      """""",""="""""""""""
"=""3p6.3d7.4s.(5F).4d"",""=""""f 6F"""""",""=""""5/2"""""",""="""""""""",""=""""55283.02"""""",""="""""""""",""="""""""""",""=""""1.17"""""",""=""""                                                      """""",""="""""""""""
"=""3p6.3d7.4s.(5F).4d"",""=""""f 6F"""""",""=""""3/2"""""",""="""""""""",""=""""55577.28"""""",""=""""?"""""",""="""""""""",""=""""1.07"""""",""=""""                                                      """""",""="""""""""""
"=""3p6.3d7.4s.(5F).4d"",""=""""f 4D"""""",""=""""7/2"""""",""="""""""""",""=""""53702.13"""""",""="""""""""",""="""""""""",""=""""1.377"""""",""=""""                                                      """""",""="""""""""""
"=""3p6.3d7.4s.(5F).4d"",""=""""f 4D"""""",""=""""5/2"""""",""="""""""""",""=""""54282.73"""""",""=""""?"""""",""="""""""""",""="""""""""",""=""""                                                      """""",""="""""""""""
"=""3p6.3d7.4s.(5F).4d"",""=""""e 6D"""""",""=""""9/2"""""",""="""""""""",""=""""53725.20"""""",""="""""""""",""="""""""""",""=""""1.387"""""",""=""""                                                      """""",""="""""""""""
"=""3p6.3d7.4s.(5F).4d"",""=""""e 6D"""""",""=""""7/2"""""",""="""""""""",""=""""54352.30"""""",""="""""""""",""="""""""""",""=""""1.48"""""",""=""""                                                      """""",""="""""""""""
"=""3p6.3d7.4s.(5F).4d"",""=""""e 6D"""""",""=""""5/2"""""",""="""""""""",""=""""54946.90"""""",""="""""""""",""="""""""""",""=""""1.47"""""",""=""""                                                      """""",""="""""""""""
"=""3p6.3d7.4s.(5F).4d"",""=""""e 6D"""""",""=""""3/2"""""",""="""""""""",""=""""55407.10"""""",""=""""?"""""",""="""""""""",""=""""2.14"""""",""=""""                                                      """""",""="""""""""""
"=""3p6.3d7.4s.(5F).4d"",""=""""e 6G"""""",""=""""13/2"""""",""="""""""""",""=""""53728.36"""""",""=""""?"""""",""="""""""""",""=""""1.35"""""",""=""""                                                      """""",""="""""""""""
"=""3p6.3d7.4s.(5F).4d"",""=""""e 6G"""""",""=""""11/2"""""",""="""""""""",""=""""54367.43"""""",""="""""""""",""="""""""""",""=""""1.320"""""",""=""""                                                      """""",""="""""""""""
"=""3p6.3d7.4s.(5F).4d"",""=""""e 6G"""""",""=""""9/2"""""",""="""""""""",""=""""54682.91"""""",""="""""""""",""="""""""""",""=""""1.23"""""",""=""""                                                      """""",""="""""""""""
"=""3p6.3d7.4s.(5F).4d"",""=""""e 6G"""""",""=""""7/2"""""",""="""""""""",""=""""54989.62"""""",""=""""?"""""",""="""""""""",""=""""1.23"""""",""=""""                                                      """""",""="""""""""""
"=""3p6.3d7.4s.(5F).4d"",""=""""e 6G"""""",""=""""3/2"""""",""="""""""""",""=""""55389.73"""""",""="""""""""",""="""""""""",""="""""""""",""=""""                                                      """""",""="""""""""""
"=""3p6.3d7.4s.(5F).4d"",""=""""e 6G"""""",""=""""5/2"""""",""="""""""""",""=""""55449.97"""""",""="""""""""",""="""""""""",""=""""1.199"""""",""=""""                                                      """""",""="""""""""""
"=""3p6.3d7.4s.(5F).4d"",""=""""i 4F"""""",""=""""9/2"""""",""="""""""""",""=""""53788.78"""""",""="""""""""",""="""""""""",""=""""1.316"""""",""=""""                                                      """""",""="""""""""""
"=""3p6.3d7.4s.(5F).4d"",""=""""i 4F"""""",""=""""7/2"""""",""="""""""""",""=""""54477.07"""""",""="""""""""",""="""""""""",""="""""""""",""=""""                                                      """""",""="""""""""""
"=""3p6.3d7.4s.(5F).4d"",""=""""i 4F"""""",""=""""5/2"""""",""="""""""""",""=""""54904.99"""""",""="""""""""",""="""""""""",""=""""0.85"""""",""=""""                                                      """""",""="""""""""""
"=""3p6.3d7.4s.(5F).4d"",""=""""e 6P"""""",""=""""7/2"""""",""="""""""""",""=""""53789.12"""""",""="""""""""",""="""""""""",""=""""1.635"""""",""=""""                                                      """""",""="""""""""""
"=""3p6.3d7.4s.(5F).4d"",""=""""e 6P"""""",""=""""5/2"""""",""="""""""""",""=""""54445.61"""""",""="""""""""",""="""""""""",""=""""1.594"""""",""=""""                                                      """""",""="""""""""""
"=""3p6.3d7.4s.(5F).4d"",""=""""e 6P"""""",""=""""3/2"""""",""="""""""""",""=""""54949.97"""""",""="""""""""",""="""""""""",""=""""2.134"""""",""=""""                                                      """""",""="""""""""""
"=""3p6.3d7.4s.(5F).4d"",""=""""e 6H"""""",""=""""15/2"""""",""="""""""""",""=""""53822.08"""""",""="""""""""",""="""""""""",""=""""1.34"""""",""=""""                                                      """""",""="""""""""""
"=""3p6.3d7.4s.(5F).4d"",""=""""e 6H"""""",""=""""13/2"""""",""="""""""""",""=""""54452.38"""""",""="""""""""",""="""""""""",""=""""1.289"""""",""=""""                                                      """""",""="""""""""""
"=""3p6.3d7.4s.(5F).4d"",""=""""e 6H"""""",""=""""11/2"""""",""="""""""""",""=""""54947.68"""""",""="""""""""",""="""""""""",""=""""1.22"""""",""=""""                                                      """""",""="""""""""""
"=""3p6.3d7.4s.(5F).4d"",""=""""e 6H"""""",""=""""9/2"""""",""="""""""""",""=""""55312.96"""""",""="""""""""",""="""""""""",""=""""1.108"""""",""=""""                                                      """""",""="""""""""""
"=""3p6.3d7.4s.(5F).4d"",""=""""e 6H"""""",""=""""7/2"""""",""="""""""""",""=""""55520.64"""""",""="""""""""",""="""""""""",""=""""0.922"""""",""=""""                                                      """""",""="""""""""""
"=""3p6.3d7.4s.(5F).4d"",""=""""e 6H"""""",""=""""5/2"""""",""="""""""""",""=""""55555.34"""""",""="""""""""",""="""""""""",""="""""""""",""=""""                                                      """""",""="""""""""""
"=""3p6.3d7.4s.(5F).4d"",""=""""f 4P"""""",""=""""5/2"""""",""="""""""""",""=""""53936.68"""""",""="""""""""",""="""""""""",""=""""1.46"""""",""=""""                                                      """""",""="""""""""""
"=""3p6.3d7.(a 2D).4s.4p.(3P*)"",""=""""2P*"""""",""=""""3/2"""""",""="""""""""",""=""""54165.35"""""",""="""""""""",""="""""""""",""=""""1.353"""""",""=""""  87                                                  """""",""="""""""""""
"="""",""=""""24*"""""",""=""""7/2"""""",""="""""""""",""=""""54398.60"""""",""="""""""""",""="""""""""",""="""""""""",""=""""                                                      """""",""="""""""""""
"="""",""=""""1"""""",""=""""5/2"""""",""="""""""""",""=""""54561.74"""""",""="""""""""",""="""""""""",""=""""1.323"""""",""=""""                                                      """""",""="""""""""""
"="""",""=""""v 4F*"""""",""=""""9/2"""""",""="""""""""",""=""""54791.2"""""",""="""""""""",""="""""""""",""="""""""""",""=""""                                                      """""",""="""""""""""
"="""",""=""""v 4F*"""""",""=""""7/2"""""",""="""""""""",""=""""55314.04"""""",""=""""?"""""",""="""""""""",""="""""""""",""=""""                                                      """""",""="""""""""""
"="""",""=""""v 4F*"""""",""=""""3/2"""""",""="""""""""",""=""""55622.84"""""",""="""""""""",""="""""""""",""="""""""""",""=""""                                                      """""",""="""""""""""
"="""",""=""""v 4F*"""""",""=""""5/2"""""",""="""""""""",""=""""55684.7"""""",""="""""""""",""="""""""""",""="""""""""",""=""""                                                      """""",""="""""""""""
"="""",""=""""25*"""""",""=""""9/2"""""",""="""""""""",""=""""54874.08"""""",""="""""""""",""="""""""""",""="""""""""",""=""""                                                      """""",""="""""""""""
"="""",""=""""26*"""""",""=""""7/2"""""",""="""""""""",""=""""54932.32"""""",""="""""""""",""="""""""""",""="""""""""",""=""""                                                      """""",""="""""""""""
"="""",""=""""27*"""""",""=""""5/2"""""",""="""""""""",""=""""55061.49"""""",""="""""""""",""="""""""""",""=""""1.539"""""",""=""""                                                      """""",""="""""""""""
"="""",""=""""2"""""",""=""""3/2"""""",""="""""""""",""=""""55078.76"""""",""="""""""""",""="""""""""",""=""""1.46"""""",""=""""                                                      """""",""="""""""""""
"="""",""=""""28*"""""",""=""""7/2"""""",""="""""""""",""=""""55120.30"""""",""=""""?"""""",""="""""""""",""="""""""""",""=""""                                                      """""",""="""""""""""
"="""",""=""""3"""""",""=""""7/2"""""",""="""""""""",""=""""55223.14"""""",""="""""""""",""="""""""""",""=""""1.14"""""",""=""""                                                      """""",""="""""""""""
"="""",""=""""29*"""""",""=""""5/2"""""",""="""""""""",""=""""55387.11"""""",""=""""?"""""",""="""""""""",""=""""1.170"""""",""=""""                                                      """""",""="""""""""""
"="""",""=""""30*"""""",""=""""5/2"""""",""="""""""""",""=""""55508.78"""""",""="""""""""",""="""""""""",""="""""""""",""=""""                                                      """""",""="""""""""""
"="""",""=""""4"""""",""=""""5/2"""""",""="""""""""",""=""""55598.74"""""",""="""""""""",""="""""""""",""="""""""""",""=""""                                                      """""",""="""""""""""
"="""",""=""""5"""""",""=""""3/2"""""",""="""""""""",""=""""55721.01"""""",""="""""""""",""="""""""""",""="""""""""",""=""""                                                      """""",""="""""""""""
"="""",""=""""5"""""",""=""""5/2"""""",""="""""""""",""=""""55721.01"""""",""="""""""""",""="""""""""",""="""""""""",""=""""                                                      """""",""="""""""""""
"="""",""=""""31*"""""",""=""""3/2"""""",""="""""""""",""=""""55737.87"""""",""="""""""""",""="""""""""",""="""""""""",""=""""                                                      """""",""="""""""""""
"="""",""=""""32*"""""",""=""""3/2"""""",""="""""""""",""=""""55818.91"""""",""="""""""""",""="""""""""",""=""""1.31"""""",""=""""                                                      """""",""="""""""""""
"="""",""=""""6"""""",""=""""1/2"""""",""="""""""""",""=""""55826.81"""""",""="""""""""",""="""""""""",""="""""""""",""=""""                                                      """""",""="""""""""""
"="""",""=""""33*"""""",""=""""3/2"""""",""="""""""""",""=""""55922.3"""""",""="""""""""",""="""""""""",""="""""""""",""=""""                                                      """""",""="""""""""""
"="""",""=""""33*"""""",""=""""5/2"""""",""="""""""""",""=""""55922.3"""""",""="""""""""",""="""""""""",""="""""""""",""=""""                                                      """""",""="""""""""""
"=""3p6.3d8.(3P).5s"",""=""""g 4P"""""",""=""""5/2"""""",""="""""""""",""=""""56545.51"""""",""=""""?"""""",""="""""""""",""="""""""""",""=""""                                                      """""",""="""""""""""
"="""",""=""""g 4H"""""",""=""""13/2"""""",""="""""""""",""=""""57922.06"""""",""="""""""""",""="""""""""",""="""""""""",""=""""                                                      """""",""="""""""""""
"="""",""=""""g 4H"""""",""=""""11/2"""""",""="""""""""",""=""""58441.03"""""",""="""""""""",""="""""""""",""="""""""""",""=""""                                                      """""",""="""""""""""
"="""",""=""""g 4H"""""",""=""""9/2"""""",""="""""""""",""=""""58673.73"""""",""="""""""""",""="""""""""",""="""""""""",""=""""                                                      """""",""="""""""""""
"="""",""=""""g 4H"""""",""=""""7/2"""""",""="""""""""",""=""""59314.82"""""",""=""""?"""""",""="""""""""",""="""""""""",""=""""                                                      """""",""="""""""""""
"="""",""=""""36*"""""",""=""""7/2"""""",""="""""""""",""=""""58187.39"""""",""="""""""""",""="""""""""",""="""""""""",""=""""                                                      """""",""="""""""""""
"="""",""=""""36*"""""",""=""""9/2"""""",""="""""""""",""=""""58187.39"""""",""="""""""""",""="""""""""",""="""""""""",""=""""                                                      """""",""="""""""""""
"="""",""=""""37*"""""",""=""""5/2"""""",""="""""""""",""=""""59388.89"""""",""="""""""""",""="""""""""",""="""""""""",""=""""                                                      """""",""="""""""""""
"="""",""=""""37*"""""",""=""""7/2"""""",""="""""""""",""=""""59388.89"""""",""="""""""""",""="""""""""",""="""""""""",""=""""                                                      """""",""="""""""""""
